date,location,new_cases,new_deaths,total_cases,total_deaths
2020-02-25,Afghanistan,,,1,
2020-02-26,Afghanistan,0.0,,1,
2020-02-27,Afghanistan,0.0,,1,
2020-02-28,Afghanistan,0.0,,1,
2020-02-29,Afghanistan,0.0,,1,
2020-03-01,Afghanistan,0.0,,1,
2020-03-02,Afghanistan,0.0,,1,
2020-03-03,Afghanistan,0.0,,1,
2020-03-04,Afghanistan,0.0,,1,
2020-03-05,Afghanistan,0.0,,1,
2020-03-06,Afghanistan,0.0,,1,
2020-03-07,Afghanistan,0.0,,1,
2020-03-08,Afghanistan,3.0,,4,
2020-03-09,Afghanistan,0.0,,4,
2020-03-10,Afghanistan,0.0,,4,
2020-03-11,Afghanistan,0.0,,4,
2020-03-12,Afghanistan,3.0,,7,
2020-03-13,Afghanistan,0.0,,7,
2020-03-14,Afghanistan,0.0,,7,
2020-03-15,Afghanistan,3.0,,10,
2020-03-16,Afghanistan,6.0,,16,
2020-03-17,Afghanistan,5.0,,21,
2020-03-09,Albania,,,2,
2020-03-10,Albania,0.0,,2,
2020-03-11,Albania,8.0,,10,
2020-03-12,Albania,0.0,,10,
2020-03-13,Albania,13.0,,23,
2020-03-14,Albania,10.0,,33,1.0
2020-03-15,Albania,5.0,0.0,38,1.0
2020-03-16,Albania,4.0,0.0,42,1.0
2020-03-17,Albania,9.0,0.0,51,1.0
2020-02-26,Algeria,,,1,
2020-02-27,Algeria,0.0,,1,
2020-02-28,Algeria,0.0,,1,
2020-02-29,Algeria,0.0,,1,
2020-03-01,Algeria,0.0,,1,
2020-03-02,Algeria,0.0,,1,
2020-03-03,Algeria,4.0,,5,
2020-03-04,Algeria,0.0,,5,
2020-03-05,Algeria,7.0,,12,
2020-03-06,Algeria,0.0,,12,
2020-03-07,Algeria,5.0,,17,
2020-03-08,Algeria,0.0,,17,
2020-03-09,Algeria,3.0,,20,
2020-03-10,Algeria,0.0,,20,
2020-03-11,Algeria,0.0,,20,
2020-03-12,Algeria,5.0,,25,1.0
2020-03-13,Algeria,0.0,0.0,25,1.0
2020-03-14,Algeria,1.0,1.0,26,2.0
2020-03-15,Algeria,11.0,1.0,37,3.0
2020-03-16,Algeria,12.0,0.0,49,3.0
2020-03-17,Algeria,11.0,1.0,60,4.0
2020-01-25,Australia,,,3,
2020-01-26,Australia,1.0,,4,
2020-01-27,Australia,0.0,,4,
2020-01-28,Australia,1.0,,5,
2020-01-29,Australia,2.0,,7,
2020-01-30,Australia,0.0,,7,
2020-01-31,Australia,2.0,,9,
2020-02-01,Australia,3.0,,12,
2020-02-02,Australia,0.0,,12,
2020-02-03,Australia,0.0,,12,
2020-02-04,Australia,0.0,,12,
2020-02-05,Australia,1.0,,13,
2020-02-06,Australia,1.0,,14,
2020-02-07,Australia,1.0,,15,
2020-02-08,Australia,0.0,,15,
2020-02-09,Australia,0.0,,15,
2020-02-10,Australia,0.0,,15,
2020-02-11,Australia,0.0,,15,
2020-02-12,Australia,0.0,,15,
2020-02-13,Australia,0.0,,15,
2020-02-14,Australia,0.0,,15,
2020-02-15,Australia,0.0,,15,
2020-02-16,Australia,0.0,,15,
2020-02-17,Australia,0.0,,15,
2020-02-18,Australia,0.0,,15,
2020-02-19,Australia,0.0,,15,
2020-02-20,Australia,0.0,,15,
2020-02-21,Australia,2.0,,17,
2020-02-22,Australia,4.0,,21,
2020-02-23,Australia,1.0,,22,
2020-02-24,Australia,0.0,,22,
2020-02-25,Australia,0.0,,22,
2020-02-26,Australia,1.0,,23,
2020-02-27,Australia,0.0,,23,
2020-02-28,Australia,0.0,,23,
2020-02-29,Australia,1.0,,24,
2020-03-01,Australia,1.0,,25,
2020-03-02,Australia,2.0,,27,1.0
2020-03-03,Australia,6.0,0.0,33,1.0
2020-03-04,Australia,10.0,0.0,43,1.0
2020-03-05,Australia,14.0,0.0,57,1.0
2020-03-06,Australia,0.0,1.0,57,2.0
2020-03-07,Australia,5.0,0.0,62,2.0
2020-03-08,Australia,12.0,1.0,74,3.0
2020-03-09,Australia,3.0,0.0,77,3.0
2020-03-10,Australia,15.0,0.0,92,3.0
2020-03-11,Australia,20.0,0.0,112,3.0
2020-03-12,Australia,10.0,0.0,122,3.0
2020-03-13,Australia,18.0,0.0,140,3.0
2020-03-14,Australia,57.0,0.0,197,3.0
2020-03-15,Australia,52.0,0.0,249,3.0
2020-03-16,Australia,49.0,2.0,298,5.0
2020-03-17,Australia,77.0,0.0,375,5.0
2020-02-26,Austria,,,2,
2020-02-27,Austria,0.0,,2,
2020-02-28,Austria,2.0,,4,
2020-02-29,Austria,1.0,,5,
2020-03-01,Austria,5.0,,10,
2020-03-02,Austria,0.0,,10,
2020-03-03,Austria,8.0,,18,
2020-03-04,Austria,6.0,,24,
2020-03-05,Austria,13.0,,37,
2020-03-06,Austria,10.0,,47,
2020-03-07,Austria,19.0,,66,
2020-03-08,Austria,38.0,,104,
2020-03-09,Austria,8.0,,112,
2020-03-10,Austria,19.0,,131,
2020-03-11,Austria,51.0,,182,
2020-03-12,Austria,120.0,,302,
2020-03-13,Austria,59.0,,361,1.0
2020-03-14,Austria,143.0,0.0,504,1.0
2020-03-15,Austria,296.0,0.0,800,1.0
2020-03-16,Austria,159.0,0.0,959,1.0
2020-03-17,Austria,173.0,2.0,1132,3.0
